team,event,course,gender,age_group,time,swimmer,date,meet,year,rank
COLM,50 M Freestyle,LCM,W,18-24,33.27,Laura E Bachelder,,Cola Classic,2026,1
COLM,50 M Freestyle,LCM,W,18-24,38.99,Ava Li,,2026 Augusta Dog Days of Summer LCM,2026,2
COLM,50 M Backstroke,LCM,W,18-24,39.14,Laura E Bachelder,,Cola Classic,2026,1
COLM,50 M Breaststroke,LCM,W,18-24,52.63,Ava Li,,Cola Classic,2026,1
COLM,400 M Freestyle,LCM,W,35-39,5:31.82,Chelsea L Luke,,Cola Classic,2026,1
COLM,200 M Backstroke,LCM,W,35-39,2:53.92,Chelsea L Luke,,Cola Classic,2026,1
COLM,200 M Breaststroke,LCM,W,35-39,3:16.71,Chelsea L Luke,,Cola Classic,2026,1
COLM,200 M Individual Medley,LCM,W,35-39,2:51.18,Chelsea L Luke,,Cola Classic,2026,1
COLM,400 M Individual Medley,LCM,W,35-39,6:09.49,Chelsea L Luke,,Cola Classic,2026,1
COLM,50 M Freestyle,LCM,W,40-44,31.44,Amanda S Moyer,,Cola Classic,2026,1
COLM,200 M Freestyle,LCM,W,40-44,3:03.15,Amanda S Moyer,,Cola Classic,2026,1
COLM,50 M Breaststroke,LCM,W,40-44,42.94,Amanda S Moyer,,Cola Classic,2026,1
COLM,50 M Butterfly,LCM,W,40-44,34.60,Amanda S Moyer,,Cola Classic,2026,1
COLM,200 M Butterfly,LCM,W,40-44,3:22.93,Amanda S Moyer,,Cola Classic,2026,1
COLM,50 M Freestyle,LCM,W,45-49,32.40,Marcie B Alisangco,,Cola Classic,2026,1
COLM,200 M Freestyle,LCM,W,45-49,2:42.93,Marcie B Alisangco,,Cola Classic,2026,1
COLM,100 M Breaststroke,LCM,W,45-49,1:35.68,Marcie B Alisangco,,Cola Classic,2026,1
COLM,100 M Butterfly,LCM,W,45-49,1:22.54,Marcie B Alisangco,,Cola Classic,2026,1
COLM,200 M Individual Medley,LCM,W,45-49,3:03.49,Marcie B Alisangco,,Cola Classic,2026,1
COLM,50 M Freestyle,LCM,W,65-69,39.59,Patricia Graham,,Cola Classic,2026,1
COLM,100 M Freestyle,LCM,W,65-69,1:40.04,Patricia Graham,,Cola Classic,2026,1
COLM,50 M Backstroke,LCM,W,65-69,57.81,Patricia Graham,,Cola Classic,2026,1
COLM,50 M Breaststroke,LCM,W,65-69,57.14,Patricia Graham,,Cola Classic,2026,1
COLM,50 M Freestyle,LCM,M,25-29,30.70,Ryan A Hill,,Cola Classic,2026,1
COLM,100 M Freestyle,LCM,M,25-29,1:20.26,Ryan A Hill,,Cola Classic,2026,1
COLM,400 M Freestyle,LCM,M,25-29,7:47.43,Ryan A Hill,,Cola Classic,2026,1
COLM,100 M Breaststroke,LCM,M,25-29,1:43.40,Ryan A Hill,,Cola Classic,2026,1
COLM,50 M Butterfly,LCM,M,25-29,42.62,Ryan A Hill,,Cola Classic,2026,1
COLM,50 M Freestyle,LCM,M,40-44,49.69,Timothy J Vitollo,,Cola Classic,2026,1
COLM,100 M Freestyle,LCM,M,40-44,2:06.05,Timothy J Vitollo,,Cola Classic,2026,1
COLM,200 M Freestyle,LCM,M,40-44,4:42.71,Timothy J Vitollo,,Cola Classic,2026,1
COLM,50 M Breaststroke,LCM,M,40-44,1:29.09,Timothy J Vitollo,,Cola Classic,2026,1
COLM,50 M Freestyle,LCM,M,45-49,27.05,Jeremy C Stiles,,Cola Classic,2026,1
COLM,50 M Breaststroke,LCM,M,45-49,36.24,Jeremy C Stiles,,Cola Classic,2026,1
COLM,100 M Breaststroke,LCM,M,45-49,1:26.21,Jeremy C Stiles,,Cola Classic,2026,1
COLM,50 M Butterfly,LCM,M,45-49,29.85,Jeremy C Stiles,,Cola Classic,2026,1
COLM,50 M Freestyle,LCM,M,55-59,31.11,Kerstan P Kranker,,Cola Classic,2026,1
COLM,50 M Freestyle,LCM,M,55-59,33.80,Michael Sakara,,Cola Classic,2026,2
COLM,50 M Freestyle,LCM,M,55-59,47.10,Michael B Simmons,,Cola Classic,2026,3
COLM,100 M Freestyle,LCM,M,55-59,1:10.73,Kerstan P Kranker,,Cola Classic,2026,1
COLM,100 M Freestyle,LCM,M,55-59,1:23.34,Michael Sakara,,Cola Classic,2026,2
COLM,100 M Freestyle,LCM,M,55-59,1:56.89,Michael B Simmons,,Cola Classic,2026,3
COLM,200 M Freestyle,LCM,M,55-59,3:34.49,Michael Sakara,,Cola Classic,2026,1
COLM,50 M Backstroke,LCM,M,55-59,37.90,Kerstan P Kranker,,Cola Classic,2026,1
COLM,100 M Backstroke,LCM,M,55-59,1:27.18,Kerstan P Kranker,,Cola Classic,2026,1
COLM,50 M Breaststroke,LCM,M,55-59,48.06,Michael Sakara,,Cola Classic,2026,1
COLM,100 M Breaststroke,LCM,M,55-59,1:51.31,Michael Sakara,,Cola Classic,2026,1
COLM,50 M Butterfly,LCM,M,55-59,34.74,Kerstan P Kranker,,Cola Classic,2026,1
COLM,50 M Freestyle,LCM,M,60-64,30.88,Bradley D Smith,,Cola Classic,2026,1
COLM,100 M Freestyle,LCM,M,60-64,1:13.60,George H Oliver,,Cola Classic,2026,1
COLM,400 M Freestyle,LCM,M,60-64,6:37.32,William M Rambo,,Cola Classic,2026,1
COLM,50 M Backstroke,LCM,M,60-64,42.23,Bradley D Smith,,Cola Classic,2026,1
COLM,50 M Backstroke,LCM,M,60-64,50.10,William M Rambo,,Cola Classic,2026,2
COLM,50 M Breaststroke,LCM,M,60-64,42.78,Bradley D Smith,,Cola Classic,2026,1
COLM,100 M Breaststroke,LCM,M,60-64,1:46.48,William M Rambo,,Cola Classic,2026,1
COLM,50 M Butterfly,LCM,M,60-64,38.43,George H Oliver,,Cola Classic,2026,1
COLM,100 M Butterfly,LCM,M,60-64,1:31.05,George H Oliver,,Cola Classic,2026,1
COLM,50 M Backstroke,LCM,M,70-74,52.92,Richard S McCain,,Cola Classic,2026,1
COLM,200 M Backstroke,LCM,M,70-74,4:07.52,Richard S McCain,,Cola Classic,2026,1
COLM,50 M Breaststroke,LCM,M,70-74,48.36,Richard S McCain,,Cola Classic,2026,1
COLM,200 M Breaststroke,LCM,M,70-74,4:14.39,Richard S McCain,,Cola Classic,2026,1
